700001, https://rotter.net/forum/scoops1/700001.shtml
700001, https://rotter.net/forum/scoops1/700001.shtml
700001, https://rotter.net/forum/scoops1/700001.shtml
700001, https://rotter.net/forum/scoops1/700001.shtml
700001, https://rotter.net/forum/scoops1/700001.shtml
700001, https://rotter.net/forum/scoops1/700001.shtml
700001, https://rotter.net/forum/scoops1/700001.shtml
700001, https://rotter.net/forum/scoops1/700001.shtml
700001, https://rotter.net/forum/scoops1/700001.shtml
700001, https://rotter.net/forum/scoops1/700001.shtml
700001, https://rotter.net/forum/scoops1/700001.shtml
700001, https://rotter.net/forum/scoops1/700001.shtml
700001, https://rotter.net/forum/scoops1/700001.shtml
700002, https://rotter.net/forum/scoops1/700002.shtml
700003, https://rotter.net/forum/scoops1/700003.shtml
700004, https://rotter.net/forum/scoops1/700004.shtml
700005, https://rotter.net/forum/scoops1/700005.shtml
700006, https://rotter.net/forum/scoops1/700006.shtml
700007, https://rotter.net/forum/scoops1/700007.shtml
700008, https://rotter.net/forum/scoops1/700008.shtml
700009, https://rotter.net/forum/scoops1/700009.shtml
700010, https://rotter.net/forum/scoops1/700010.shtml
700001, https://rotter.net/forum/scoops1/700001.shtml
700002, https://rotter.net/forum/scoops1/700002.shtml
700003, https://rotter.net/forum/scoops1/700003.shtml
700004, https://rotter.net/forum/scoops1/700004.shtml
700005, https://rotter.net/forum/scoops1/700005.shtml
700006, https://rotter.net/forum/scoops1/700006.shtml
700007, https://rotter.net/forum/scoops1/700007.shtml
700008, https://rotter.net/forum/scoops1/700008.shtml
700009, https://rotter.net/forum/scoops1/700009.shtml
700010, https://rotter.net/forum/scoops1/700010.shtml
700001, https://rotter.net/forum/scoops1/700001.shtml
700002, https://rotter.net/forum/scoops1/700002.shtml
700003, https://rotter.net/forum/scoops1/700003.shtml
700004, https://rotter.net/forum/scoops1/700004.shtml
700005, https://rotter.net/forum/scoops1/700005.shtml
700006, https://rotter.net/forum/scoops1/700006.shtml
835350, https://rotter.net/forum/scoops1/835350.shtml
835351, https://rotter.net/forum/scoops1/835351.shtml
835352, https://rotter.net/forum/scoops1/835352.shtml
835353, https://rotter.net/forum/scoops1/835353.shtml
835354, https://rotter.net/forum/scoops1/835354.shtml
835355, https://rotter.net/forum/scoops1/835355.shtml
835356, https://rotter.net/forum/scoops1/835356.shtml
835350, https://rotter.net/forum/scoops1/835350.shtml
835351, https://rotter.net/forum/scoops1/835351.shtml
835352, https://rotter.net/forum/scoops1/835352.shtml
835353, https://rotter.net/forum/scoops1/835353.shtml
835354, https://rotter.net/forum/scoops1/835354.shtml
835355, https://rotter.net/forum/scoops1/835355.shtml
835356, https://rotter.net/forum/scoops1/835356.shtml
835350, https://rotter.net/forum/scoops1/835350.shtml
835351, https://rotter.net/forum/scoops1/835351.shtml
835352, https://rotter.net/forum/scoops1/835352.shtml
835353, https://rotter.net/forum/scoops1/835353.shtml
835354, https://rotter.net/forum/scoops1/835354.shtml
835355, https://rotter.net/forum/scoops1/835355.shtml
835356, https://rotter.net/forum/scoops1/835356.shtml
835350, https://rotter.net/forum/scoops1/835350.shtml
835351, https://rotter.net/forum/scoops1/835351.shtml
835352, https://rotter.net/forum/scoops1/835352.shtml
835353, https://rotter.net/forum/scoops1/835353.shtml
835354, https://rotter.net/forum/scoops1/835354.shtml
835355, https://rotter.net/forum/scoops1/835355.shtml
835356, https://rotter.net/forum/scoops1/835356.shtml
835350, https://rotter.net/forum/scoops1/835350.shtml
835351, https://rotter.net/forum/scoops1/835351.shtml
835352, https://rotter.net/forum/scoops1/835352.shtml
835353, https://rotter.net/forum/scoops1/835353.shtml
835354, https://rotter.net/forum/scoops1/835354.shtml
835355, https://rotter.net/forum/scoops1/835355.shtml
835356, https://rotter.net/forum/scoops1/835356.shtml
835350, https://rotter.net/forum/scoops1/835350.shtml
835351, https://rotter.net/forum/scoops1/835351.shtml
835352, https://rotter.net/forum/scoops1/835352.shtml
835353, https://rotter.net/forum/scoops1/835353.shtml
835354, https://rotter.net/forum/scoops1/835354.shtml
835355, https://rotter.net/forum/scoops1/835355.shtml
835356, https://rotter.net/forum/scoops1/835356.shtml
835350, https://rotter.net/forum/scoops1/835350.shtml
835351, https://rotter.net/forum/scoops1/835351.shtml
835352, https://rotter.net/forum/scoops1/835352.shtml
835353, https://rotter.net/forum/scoops1/835353.shtml
835354, https://rotter.net/forum/scoops1/835354.shtml
835355, https://rotter.net/forum/scoops1/835355.shtml
835350, https://rotter.net/forum/scoops1/835350.shtml
835351, https://rotter.net/forum/scoops1/835351.shtml
835352, https://rotter.net/forum/scoops1/835352.shtml
835353, https://rotter.net/forum/scoops1/835353.shtml
835354, https://rotter.net/forum/scoops1/835354.shtml
835355, https://rotter.net/forum/scoops1/835355.shtml
835356, https://rotter.net/forum/scoops1/835356.shtml
835350, https://rotter.net/forum/scoops1/835350.shtml
835351, https://rotter.net/forum/scoops1/835351.shtml
835352, https://rotter.net/forum/scoops1/835352.shtml
835353, https://rotter.net/forum/scoops1/835353.shtml
835354, https://rotter.net/forum/scoops1/835354.shtml
835355, https://rotter.net/forum/scoops1/835355.shtml
835356, https://rotter.net/forum/scoops1/835356.shtml
835350, https://rotter.net/forum/scoops1/835350.shtml
835351, https://rotter.net/forum/scoops1/835351.shtml
835352, https://rotter.net/forum/scoops1/835352.shtml
835353, https://rotter.net/forum/scoops1/835353.shtml
835354, https://rotter.net/forum/scoops1/835354.shtml
835355, https://rotter.net/forum/scoops1/835355.shtml
835356, https://rotter.net/forum/scoops1/835356.shtml
835350, https://rotter.net/forum/scoops1/835350.shtml
835351, https://rotter.net/forum/scoops1/835351.shtml
835352, https://rotter.net/forum/scoops1/835352.shtml
835353, https://rotter.net/forum/scoops1/835353.shtml
835354, https://rotter.net/forum/scoops1/835354.shtml
835355, https://rotter.net/forum/scoops1/835355.shtml
835350, https://rotter.net/forum/scoops1/835350.shtml
835351, https://rotter.net/forum/scoops1/835351.shtml
835352, https://rotter.net/forum/scoops1/835352.shtml
835350, https://rotter.net/forum/scoops1/835350.shtml
835351, https://rotter.net/forum/scoops1/835351.shtml
835350, https://rotter.net/forum/scoops1/835350.shtml
835351, https://rotter.net/forum/scoops1/835351.shtml
835352, https://rotter.net/forum/scoops1/835352.shtml
835353, https://rotter.net/forum/scoops1/835353.shtml
835354, https://rotter.net/forum/scoops1/835354.shtml
835355, https://rotter.net/forum/scoops1/835355.shtml
835356, https://rotter.net/forum/scoops1/835356.shtml
835350, https://rotter.net/forum/scoops1/835350.shtml
835351, https://rotter.net/forum/scoops1/835351.shtml
835352, https://rotter.net/forum/scoops1/835352.shtml
835353, https://rotter.net/forum/scoops1/835353.shtml
835354, https://rotter.net/forum/scoops1/835354.shtml
835355, https://rotter.net/forum/scoops1/835355.shtml
835356, https://rotter.net/forum/scoops1/835356.shtml
